Player,Team,Age,CosineSimilarity,AutoencoderSimilarity,KMeansScore,EuclideanSimilarity,ManhattanSimilarity,FinalScore
Michael Olise,Bayern Munich,22.0,0.965728323622937,1.0,1.0,1.0,1.0,0.9931456662147035
Florian Wirtz,Leverkusen,21.0,0.9699347190478631,0.99709797,0.9850260554982275,0.9045682,0.8937520435516293,0.9678525808773271
Lamine Yamal,Barcelona,17.0,0.9201931548399964,0.9561497,0.8985517068635825,0.8664957,0.8634489061774006,0.9105636176533262
Rayan Cherki,Lyon,20.0,0.9517626348719226,0.9562472,0.862772764762937,0.8847311,0.8711825048084032,0.9069761591389764
Cole Palmer,Chelsea,22.0,0.9557353125477067,0.9592738,0.8221312816940829,0.8871416,0.8791315012642779,0.8953387750427753
Matheus Cunha,Wolves,25.0,1.0,0.9957477,0.7856318232147355,0.8085754,0.8162339582016275,0.8863889929902534
Francisco Trincão,Sporting CP,24.0,0.9444414488502748,0.9573792,0.8150575085713475,0.8107336,0.8601800595590676,0.8805945953105396
Raphinha,Barcelona,27.0,0.9414780253587897,0.9373292,0.8251379495660462,0.8508743,0.8322717992086767,0.8797407940701347
Maghnes Akliouche,Monaco,22.0,0.8866406912645536,0.9393581,0.7564652770604738,0.7592225,0.7505144491526357,0.8279042096860778
Vinicius Júnior,Real Madrid,24.0,0.8908033916485707,0.8960172,0.7863217953125485,0.7816053,0.7223874999227479,0.8277768869488102
Charles De Ketelaere,Atalanta,23.0,0.9609984609267643,0.993042,0.7322939636141225,0.57153857,0.6541982664450058,0.8193367623860903
Bryan Mbeumo,Brentford,24.0,0.8906024581083025,0.9473696,0.7664910955270237,0.6571552,0.6486023140624572,0.8138105219115069
Noa Lang,PSV Eindhoven,25.0,0.9011438094919176,0.8977561,0.7731214434111265,0.6983469,0.6859629633979254,0.8136912826236216
Rafael Leão,Milan,25.0,0.8940866969588877,0.94866824,0.7402909748545358,0.65865606,0.6851148704761126,0.8094633340832548
Igor Paixão,Feyenoord,24.0,0.9061001750033331,0.9138293,0.7614114831394373,0.6407033,0.6587820014414093,0.8061199224216922
Nicolás Paz,Como,19.0,0.9077164493433361,0.94734335,0.7045074640930274,0.69512993,0.7158678508093431,0.8060565178436632
Alex Baena,Villarreal,23.0,0.8680943548590999,0.903718,0.7068755210091294,0.8054923,0.7728317517965195,0.8047872098388767
Christian Pulisic,Milan,25.0,0.9112276995168783,0.9974414,0.7115821097353006,0.58075345,0.655538132335994,0.8042887903515697
Mason Greenwood,Marseille,22.0,0.9221784268235724,0.82776654,0.748161405268694,0.6935259,0.7633807270782739,0.798924473880799
Alex Iwobi,Fulham,28.0,0.8695505971732072,0.8752761,0.7201900547541102,0.75839067,0.6938322790666396,0.7900179536992098
Kylian Mbappé,Real Madrid,25.0,0.8954137729791307,0.8950814,0.6532089488919485,0.7958142,0.7851678053044202,0.7895744420501949
Morgan Rogers,Aston Villa,22.0,0.8630785532689708,0.9755199,0.69522495993979,0.5886685,0.6439209003239141,0.7830833653105799
Gaëtan Perrin,Auxerre,28.0,0.9106633661900327,0.8922068,0.6824841078210334,0.6397448,0.7322365981960974,0.7812519526120327
Julián Álvarez,Atlético Madrid,24.0,0.9397303184137394,0.9026289,0.6318796871676507,0.54946655,0.6996289097394193,0.759670727090712
Luis Díaz,Liverpool,27.0,0.8919120588764413,0.88834333,0.6793425318589087,0.56156653,0.6430900129393282,0.7587037866802139
Eberechi Eze,Crystal Palace,26.0,0.8773135459993153,0.9080641,0.6400570567255213,0.5991628,0.6887784174130211,0.755292836472502
Antoine Semenyo,Bournemouth,24.0,0.8243823318099476,0.89648414,0.6869569350513692,0.6255967,0.5979853422765414,0.7517906337029788
Kenan Yıldız,Juventus,19.0,0.826509181229601,0.93759084,0.6599674154542507,0.5847686,0.6120170540580306,0.7503667079966756
Malik Tillman,PSV Eindhoven,22.0,0.8861077671790039,0.9891499,0.6026061792277206,0.48151085,0.631631897372788,0.7467354749418882
Mikkel Damsgaard,Brentford,24.0,0.7889957235100913,0.88528585,0.6344974206851423,0.70532876,0.7092022749736264,0.742647813747557
Bradley Barcola,Paris S-G,21.0,0.8521074728336892,0.7952839,0.6986613997938018,0.57508844,0.5901987575716189,0.7303026835370716
Viktor Gyökeres,Sporting CP,26.0,0.8441524667959123,0.85287595,0.5422720769616967,0.70914435,0.7934787464502349,0.7221070217858734
Ademola Lookman,Atalanta,26.0,0.8349958021946573,0.8459314,0.6721302297468016,0.50497407,0.5742419550062249,0.7216491980045963
Ritsu Doan,Freiburg,26.0,0.860674562794705,0.942139,0.6036221065442704,0.38600466,0.5311889073927007,0.7106567651098659
Dejan Kulusevski,Tottenham,24.0,0.7744075437762044,0.93453515,0.63203459896978,0.47485736,0.5326733392814926,0.7104804740301095
Jakob Breum,Go Ahead Eag,20.0,0.8864840008262462,0.87653553,0.5845751014235662,0.44812852,0.6329610753655123,0.7091409312941401
Anthony Gordon,Newcastle Utd,23.0,0.7752739191057145,0.8854047,0.6264931569255595,0.54103476,0.5521536942724601,0.7049974097366944
Leandro Trossard,Arsenal,29.0,0.8108985729199207,0.9053352,0.6089043601147207,0.4458821,0.5369978580302277,0.6999180353289938
Rodrygo,Real Madrid,23.0,0.7784905183685222,0.87199926,0.6165453606299078,0.5357722,0.5593097147060647,0.6989969892356626
Dodi Lukebakio,Sevilla,26.0,0.7649710595202471,0.83072937,0.6115345413466768,0.61769474,0.5973465508409717,0.6962177720944493
Luciano Valente,Groningen,20.0,0.7328535986769429,0.8483175,0.5882593143235761,0.6209768,0.6712194559649134,0.6937604811510532
Jarrod Bowen,West Ham,27.0,0.840760007796086,0.83826125,0.635349815298746,0.40883163,0.5029770878718222,0.6912706222241214
Hugo Ekitike,Eint Frankfurt,22.0,0.8320289031079167,0.7557633,0.6112502586136724,0.52511704,0.671944802420499,0.6889903776795641
Mattia Zaccagni,Lazio,29.0,0.7473293716104594,0.8673899,0.6052615911475072,0.51143074,0.5655040736754909,0.6858483942055016
Kaoru Mitoma,Brighton,27.0,0.7703755959480063,0.87738526,0.6233381185178929,0.43464038,0.47944139221982546,0.6829979530825532
Amad Diallo,Manchester Utd,22.0,0.7892544440930839,0.8424525,0.618171094499866,0.4305081,0.5336490075648371,0.6812396148678804
Evann Guessand,Nice,23.0,0.8552009626955724,0.9135834,0.5782700319626568,0.32033047,0.46666264180006317,0.6805298659425306
Moses Simon,Nantes,29.0,0.7138711925654306,0.8341752,0.6156294797926839,0.55331266,0.580889203332806,0.680208551458426
Alexander Isak,Newcastle Utd,24.0,0.8188356141636646,0.7952565,0.5682385999439756,0.4422867,0.6779510309539157,0.6734885290334301
Anis Hadj Moussa,Feyenoord,22.0,0.8030696128394128,0.7507887,0.6190989849887151,0.5060335,0.5420140494356787,0.6698004931842146
Oliver Antman,Go Ahead Eag,22.0,0.738215950182059,0.7736877,0.6079441466773503,0.52056754,0.5690395136661976,0.6628062786853766
Ludovic Blas,Rennes,26.0,0.7991163946468863,0.7014923,0.6023764195593653,0.5395832,0.6008560501610191,0.6600720310366851
Jacob Murphy,Newcastle Utd,29.0,0.7817034195612085,0.74372613,0.6093926478630569,0.46189296,0.5594602341687858,0.6576949646468812
Zuriko Davitashvili,Saint-Étienne,23.0,0.7310095054194071,0.84282804,0.5845605366469973,0.41766012,0.49726617764765724,0.6529977294638593
Filip Krastev,Zwolle,22.0,0.7577433532415816,0.7633841,0.5522853242955602,0.52881724,0.6219405170356863,0.6507703369315525
Dani Raba,Leganés,28.0,0.7187663498495522,0.81765723,0.5355080862765551,0.52504295,0.5982045166905036,0.6479201572527682
Himad Abdelli,Angers,24.0,0.7069495132821476,0.799687,0.5092028750741745,0.64514697,0.6271958948571054,0.6467669519989575
Takefusa Kubo,Real Sociedad,23.0,0.6649966529975088,0.83288586,0.5686029046635731,0.5254941,0.5151860390364468,0.6442998270959855
Marcus Tavernier,Bournemouth,25.0,0.6968406292513079,0.78137517,0.536473782912315,0.5294354,0.645374440790816,0.6399587252615482
Raúl Moro,Valladolid,21.0,0.6679702451518923,0.7617916,0.5632489900265928,0.56667906,0.595765724302285,0.6374235699897489
Luis Henrique,Marseille,22.0,0.7423447551691474,0.7272382,0.5946132612831551,0.4440065,0.5347826776426141,0.6362720558183794
Nico Williams,Athletic Club,22.0,0.6672284222611984,0.79318357,0.5729261285147621,0.50101215,0.5370202273304012,0.6360689603328564
Yoann Cathline,Utrecht,22.0,0.6894490030055049,0.7994758,0.5587224867823153,0.46495512,0.5396452968110089,0.6337716600514208
Álex Berenguer,Athletic Club,29.0,0.7205187569598999,0.80336726,0.5585281539983414,0.39060688,0.5036640874954644,0.6298575178294171
Alberto Moleiro,Las Palmas,20.0,0.64794738847496,0.83669996,0.5326106472379077,0.4751823,0.520845545896802,0.6247809804466058
Félix Correia,Gil Vicente FC,23.0,0.7291510123898283,0.672711,0.5727605985051742,0.5130101,0.5575373914614093,0.6215289147408445
Dan Ndoye,Bologna,23.0,0.7095754400847887,0.75827265,0.5569218975271243,0.43514058,0.49054077999841333,0.6189740501095978
Yann Gboho,Toulouse,23.0,0.6614567191647958,0.84201956,0.5373173663829379,0.3964554,0.4777837832230117,0.6182812313368308
Vangelis Pavlidis,Benfica,25.0,0.7677127560918882,0.6650504,0.5203117072170861,0.47295114,0.685541910318398,0.6177635525099432
Chris Führich,Stuttgart,26.0,0.5975519538692312,0.8151864,0.5453229487305367,0.50158376,0.5207928058962834,0.6164076764909759
Kenneth Taylor,Ajax,22.0,0.7748903259952615,0.7186762,0.5599415357181166,0.3253509,0.4798690252832084,0.6111486486336746
Noni Madueke,Chelsea,22.0,0.6811479433885302,0.72949255,0.5534710366991775,0.47037554,0.5147688081239041,0.6108320216589491
Bernardo Silva,Manchester City,29.0,0.6541204705290609,0.724439,0.5539567137922232,0.4963238,0.514351304924767,0.6068862123047003
Gabriel Strefezza,Como,27.0,0.633099581759804,0.75552046,0.5335218651227579,0.483922,0.5448930978387584,0.6051141973813985
João Pedro,Brighton,22.0,0.7671247519818618,0.72501516,0.5447455268655212,0.32032022,0.4726485874618088,0.6046365585162174
Pedro Neto,Chelsea,24.0,0.5972317309933266,0.751256,0.5490050785418841,0.5197527,0.5296045649799288,0.6043478463255865
Cody Gakpo,Liverpool,25.0,0.7069502216334039,0.7662338,0.530274232843928,0.33948234,0.5180356530933421,0.6042962768055803
Levi Smans,Heerenveen,20.0,0.5900130107522857,0.77312505,0.5145914010239317,0.5089652,0.613054193460693,0.6035927966256297
Michel Vlap,Twente,27.0,0.7184561497727431,0.66693354,0.5274866955512431,0.5090385,0.5413904531507098,0.6000878558739526
Mohammed Kudus,West Ham,23.0,0.6143264641338751,0.7241583,0.5266489455848089,0.53340715,0.5716643904444106,0.5987391490128328
Enzo Millot,Stuttgart,22.0,0.7634078453366835,0.69131505,0.5209125599375513,0.36471355,0.5387125718784951,0.5981723416631558
Kerem Aktürkoğlu,Benfica,25.0,0.7831531103938102,0.58448875,0.5701169592502503,0.3827646,0.5666082650099634,0.5972310317151026
Mohamed Amoura,Wolfsburg,24.0,0.7422462967646054,0.6203368,0.5644420160106942,0.42289484,0.5285164997186557,0.5962292919736365
Robin Hack,Gladbach,25.0,0.6683686176260181,0.72884035,0.5210467085485658,0.43630716,0.5430726203674241,0.5961881367897133
Richonell Margaret,RKC Waalwijk,23.0,0.5530039923983536,0.75630987,0.5223103470922474,0.47165504,0.5493802004953646,0.5845904123258516
Sebastian Nanasi,Strasbourg,22.0,0.6650089283443545,0.75240946,0.5040752962406048,0.3136477,0.4804146488893764,0.5769367375256353
Riccardo Orsolini,Bologna,27.0,0.7367045120873522,0.6041682,0.49958105347281934,0.41090515,0.6049190927778125,0.5748187390843587
Marcus Thuram,Inter,26.0,0.6939066835499821,0.6897739,0.4966845882983364,0.33966708,0.5539803359769561,0.5744291644400017
Callum Hudson-Odoi,Nott'ham Forest,23.0,0.5829017893441664,0.7255881,0.506510834955754,0.45328832,0.5105273415096189,0.5716377382338966
Anthony Elanga,Nott'ham Forest,22.0,0.6351736503553287,0.6772945,0.5519236547032946,0.36940616,0.43054917487987215,0.5695271655097849
Dango Ouattara,Bournemouth,22.0,0.6092714608738052,0.7102212,0.5069376706530638,0.37859505,0.5105511997664088,0.5657523966298256
Alejandro Garnacho,Manchester Utd,20.0,0.6059218789234698,0.668803,0.5221733967542671,0.4641806,0.45959736459354733,0.5635236048773922
Sontje Hansen,NEC Nijmegen,22.0,0.623124451256376,0.7168119,0.5036922851976353,0.35530752,0.47263962302197277,0.5629148796489701
Isaac Palazón Camacho,Rayo Vallecano,29.0,0.5315285775766825,0.73442566,0.4690840422294663,0.44956836,0.5920155817267188,0.5582499413047874
Federico Dimarco,Inter,26.0,0.590359793150672,0.6277207,0.5128019457484155,0.45625862,0.5544558814444047,0.5555542679245266
Daan Rots,Twente,23.0,0.5815044674327359,0.647158,0.5070181097932677,0.44107854,0.5495246101586274,0.5546070539701689
Yankuba Minteh,Brighton,20.0,0.5917392154336735,0.69604385,0.5181475238917598,0.33095336,0.44397249402856964,0.5512030255500604
Bryan Zaragoza,Osasuna,23.0,0.48872079945713875,0.698161,0.48578219808049167,0.4946426,0.5785113936955811,0.5496235793792675
Abde Ezzalzouli,Betis,22.0,0.5286636509334627,0.70797634,0.4810268082115922,0.47528914,0.509146963246295,0.5495298098045192
Bilal El Khannouss,Leicester City,20.0,0.4964608578085201,0.7221074,0.44761304354290415,0.49962217,0.6170945576505548,0.5481552640253541
Victor Edvardsen,Go Ahead Eag,28.0,0.658172571249861,0.5893723,0.5217369396086586,0.3237337,0.4994560353819734,0.5439044847062385
Óscar Aranda,Famalicão,22.0,0.5946411586278304,0.6118525,0.47569485978959536,0.4558032,0.5851536308152779,0.5424802474598889
Ricardo Horta,Braga,29.0,0.5791444106845023,0.6926321,0.47452740509233093,0.33263925,0.5362901818647036,0.5419644373497605
Gabriel Martinelli,Arsenal,23.0,0.5860282959095824,0.64776397,0.531046362372574,0.32525426,0.41096681703255006,0.5386349872335663
Tom Bischof,Hoffenheim,19.0,0.5336481298341327,0.6772214,0.45585216646295823,0.42292437,0.5605392920100319,0.5339296062341063
Fabio Vieira,Porto,24.0,0.562616597501998,0.6453996,0.4751330319605372,0.3847355,0.5145048889695678,0.5300938124300811
Gustav Isaksen,Lazio,23.0,0.4613122903671819,0.6939963,0.47879069378557854,0.4318669,0.4712946339866801,0.5236544325139052
Lucas Paquetá,West Ham,26.0,0.5056966103441833,0.6804571,0.40175708197773885,0.49931818,0.6120517334044456,0.5230055733768404
Takumi Minamino,Monaco,29.0,0.6054288316727897,0.5685092,0.5045663984484576,0.32554618,0.49900479627522903,0.5222664097025456
Lautaro Martínez,Inter,26.0,0.6108404605776595,0.554111,0.4683413461857258,0.37657514,0.5904390843795776,0.5213167369019425
Mateo Retegui,Atalanta,25.0,0.6675297574909751,0.5686054,0.4095474207108954,0.42055756,0.5757428647209328,0.5186289468161628
Ringo Meerveld,Willem II,23.0,0.5534709487034438,0.6154263,0.44535026768296343,0.45892918,0.5143060843322782,0.5177468876970659
Lassine Sinayoko,Auxerre,24.0,0.5035835708253412,0.6406256,0.4864592768074451,0.37771055,0.4402262565103565,0.5129275430478442
Morlaye Sylla,Arouca,26.0,0.4297265981619801,0.68803287,0.4128974984493575,0.46193597,0.6100471736643216,0.5096659738128138
João Carvalho,Estoril,27.0,0.5430045784818266,0.5932112,0.4520408629383761,0.35817784,0.5376746441907915,0.5047032589725943
Jonathan David,Lille,24.0,0.5789682744169725,0.5579623,0.4590097341774427,0.3345139,0.5440199193631634,0.5037910179014885
Andrea Cambiaso,Juventus,24.0,0.5154453538948475,0.5913316,0.43737380295904743,0.44107047,0.4781975889449489,0.4959296069731595
Carlos Vicente,Alavés,25.0,0.4207254027619587,0.6532525,0.47522626740947327,0.36220172,0.4338304975613383,0.4933906187881918
Leo Sauer,NAC Breda,18.0,0.49627323054439865,0.6155127,0.4732549341475786,0.34426382,0.3787790776312626,0.49107634667057853
Dennis Man,Parma,25.0,0.45770323060304835,0.6055341,0.4791868911170897,0.33761057,0.46294773377107135,0.490695408564077
Yeremi Pino,Villarreal,21.0,0.46013168391644366,0.6133903,0.47915893290491607,0.32475093,0.4076002013428301,0.486314660301539
Dylan Mbayo,Zwolle,22.0,0.4886012304975803,0.5812533,0.48757858430614964,0.3127997,0.40533874049955654,0.48549991716117313
Keane Lewis-Potter,Brentford,23.0,0.44527521111709156,0.605389,0.4391609923834918,0.4369269,0.4657959656133629,0.4843809252542898
Tim Kleindienst,Gladbach,28.0,0.624658442386986,0.45152637,0.46034594970687687,0.30209085,0.5337479309613539,0.4825182423498791
Domingos André Ribeiro Almeida,Valencia,24.0,0.39558532174533384,0.6428349,0.3885063379440279,0.4614198,0.5877842102619094,0.48072340746135256
Serhou Guirassy,Dortmund,28.0,0.5907104019119178,0.49034616,0.388745117604861,0.35292354,0.6736139031868411,0.4794431562216424
Benedict Hollerbach,Union Berlin,23.0,0.49274553415101185,0.58949554,0.46910037409619093,0.30808133,0.3802780708309156,0.47894406376773996
Yoane Wissa,Brentford,27.0,0.5938069509244757,0.48485628,0.43093090043549465,0.29389584,0.5789966970833149,0.4780905289087221
Keito Nakamura,Reims,24.0,0.5520112835532375,0.50366616,0.47343983263283596,0.31994957,0.4319375748526889,0.4772114537169745
Nuno Santos,Vitória,25.0,0.48119371713517206,0.5360813,0.43756490923048097,0.39578953,0.5238242204933674,0.47536816784929525
Fredrik Aursnes,Benfica,28.0,0.5305487541306023,0.50336206,0.45074484543215376,0.3684428,0.46221348073359925,0.4727765893161055
Moise Kean,Fiorentina,24.0,0.5199397222913476,0.5302297,0.3800829240448158,0.37811068,0.6039004839774962,0.4677755051497164
Valentín Castellanos,Lazio,25.0,0.5187355692484539,0.50061274,0.4306574606796434,0.33975756,0.5135193579131646,0.46495810247443675
Jonathan Burkardt,Mainz 05,24.0,0.5633020584542423,0.4901069,0.3711489355227113,0.36356208,0.5974547787403738,0.4611909515979496
Adam Hložek,Hoffenheim,22.0,0.5072094167622894,0.52251947,0.4373314150596177,0.28376195,0.44154920095845734,0.45766886161422937
Omari Hutchinson,Ipswich Town,20.0,0.36705122123998807,0.58563495,0.4430906910707496,0.36236426,0.4204829874402885,0.4531854492969303
Gabriel Vieira,Santa Clara,22.0,0.3257286304239735,0.5773896,0.4355339013507034,0.35698098,0.4745010223582316,0.4450781904657559
Pablo Fornals,Betis,28.0,0.4036924663364875,0.555712,0.37397185767846725,0.39120904,0.5484584067006572,0.44452338538472586
Pepê,Porto,27.0,0.31362293787354323,0.5768359,0.435563868344891,0.3223449,0.4858681323295942,0.44020221233183454
Troy Parrott,AZ Alkmaar,22.0,0.4730270860405633,0.4610218,0.3761033306173536,0.32750234,0.6308736559571784,0.4373346352202483
Paxten Aaronson,Utrecht,20.0,0.38904264906420427,0.5526949,0.4236524723334733,0.2817472,0.4321170355701723,0.4356470467097737
Juan Cruz,Leganés,24.0,0.3274262109235087,0.58945835,0.4252484135428742,0.300126,0.424184709760686,0.43411784275373405
Viktor Tsyhankov,Girona,26.0,0.29125905390016726,0.5574758,0.434805735234237,0.33474505,0.4268190365132002,0.42595917803164696
Erling Haaland,Manchester City,24.0,0.5159905685208744,0.4613262,0.3294645392396194,0.34542927,0.5676222839037294,0.4251474131322724
Nicolas Jackson,Chelsea,23.0,0.4816986657336683,0.4154258,0.4128569612374448,0.29093382,0.5058880365505055,0.4243783079243879
Sebastiano Esposito,Empoli,22.0,0.30545730738979004,0.5756825,0.39613247691169,0.31469372,0.48738833648965774,0.4238666634324193
Alexis Claude-Maurice,Augsburg,26.0,0.4136054447845091,0.47897193,0.4158785646511881,0.2650091,0.44976295066775956,0.41949877426166676
John McGinn,Aston Villa,29.0,0.2806075234757208,0.5836673,0.3606489714680399,0.39239797,0.5001349722051711,0.41751875924309867
Gaetano Oristanio,Venezia,21.0,0.2576481755650319,0.55667496,0.41469935000968755,0.3485636,0.46328665926256524,0.41702817326718467
Jean-Philippe Mateta,Crystal Palace,27.0,0.40498906644529564,0.4791974,0.38647118980075645,0.2893288,0.5171748609420199,0.4167124514687145
Loïs Openda,RB Leipzig,24.0,0.39457119819701475,0.43139663,0.442962568293169,0.28462037,0.45916235806586,0.41617857013936577
Samu Omorodion,Porto,20.0,0.4759119399568406,0.4486626,0.3388387397892314,0.33779505,0.5471420774234913,0.4144353125156974
Nikola Vlašić,Torino,26.0,0.2710233826024625,0.56285894,0.40439122602649796,0.32758632,0.44289851635143707,0.41350482659507826
Arnaud Kalimuendo,Rennes,22.0,0.4338257069487604,0.4225692,0.38854192996269366,0.29392862,0.552066551699064,0.41299663111292073
Benjamin Šeško,RB Leipzig,21.0,0.43568199520739465,0.43584988,0.3979451207959026,0.28014943,0.45156876008622,0.40855147913525025
Kristoffer Peterson,Fortuna Sittard,29.0,0.3430783529524767,0.46319917,0.43853921125206796,0.26724064,0.40702423277720046,0.4053306746400163
Mahdi Camara,Brest,26.0,0.3321466265613633,0.49741033,0.403430941445039,0.28554645,0.43787041400151805,0.4043244243155077
Tete Morente,Lecce,27.0,0.23924457723917048,0.5634515,0.36468589073599544,0.36758742,0.48914020576842004,0.40202462314610127
Diego López,Valencia,22.0,0.4654607547430951,0.3277844,0.48030295498343506,0.21259627,0.368275175675804,0.4012314264484081
Liam Delap,Ipswich Town,21.0,0.3444559212478674,0.48133948,0.38907099250004284,0.27794993,0.47278664266914144,0.40047455955601047
Brennan Johnson,Tottenham,23.0,0.43523490191327674,0.38201556,0.4178079955459801,0.23073123,0.4762045266420709,0.39947724428018516
Farid El Melali,Angers,27.0,0.25258512212517814,0.5174993,0.39048034853601354,0.3441169,0.4450045107592372,0.39547212053267344
Shuto Machino,Holstein Kiel,24.0,0.41806827546411734,0.42556968,0.37987950139448323,0.2726635,0.44218960297041493,0.3944492132123905
Ollie Watkins,Aston Villa,28.0,0.482031272943249,0.32043317,0.3910423034431858,0.262261,0.5107672002585746,0.3906821746636307
Clayton,Rio Ave,25.0,0.3311296897659805,0.43628845,0.365976500459464,0.29802316,0.5092510319856763,0.3841172446593292
Yanis Begraoui,Estoril,23.0,0.39229925496756907,0.39303717,0.35962416014379656,0.2901976,0.500031934045754,0.38161055482192074
Kevin Schade,Brentford,22.0,0.3966907790603374,0.33132586,0.4093898497248231,0.2410635,0.4765543721720909,0.377217856799518
Tyler Dibling,Southampton,18.0,0.22009220714174826,0.5054221,0.3509423758158197,0.34222758,0.48224014795841014,0.3756505758976403
Thierno Barry,Villarreal,21.0,0.3205076559795605,0.40664253,0.3676091085133791,0.28006867,0.5090399888570786,0.37333621623263213
Teun Koopmeiners,Juventus,26.0,0.1799781609913882,0.53077364,0.36043421494189387,0.32686237,0.45581405902215055,0.3731086604956924
Ilias Sebaoui,Heerenveen,22.0,0.17886824588968353,0.49719492,0.35724116017364554,0.3579208,0.4894322476646507,0.36984208783050465
Habib Diarra,Strasbourg,20.0,0.2881320381762233,0.41676506,0.39041943074675856,0.28835347,0.4209934745041637,0.36939916876957574
John Mercado,AVS Futebol,22.0,0.208200058597661,0.47929254,0.3711671812753167,0.32512403,0.43639585433198064,0.3675236500592733
Matthis Abline,Nantes,21.0,0.2555981404278126,0.40445265,0.4215063174414404,0.25701246,0.4039599151908259,0.36585723893695055
Evanilson,Bournemouth,24.0,0.27980415846744017,0.43882713,0.32006986295019296,0.32027918,0.5584523137390429,0.3655652157499366
Ermedin Demirović,Stuttgart,26.0,0.4635580539095439,0.35908374,0.2843141639626443,0.28674293,0.541094365921118,0.3647762335462225
Marcos Vinicios Sorriso,Famalicão,23.0,0.4114327919884794,0.2621204,0.44409002081619053,0.20780768,0.39934497433228894,0.3639634303367548
Ange-Yoan Bonny,Parma,20.0,0.16484690423582443,0.48113826,0.39074261838309543,0.30366907,0.4253450653416626,0.362915275504758
Lucas Stassin,Saint-Étienne,19.0,0.439312958291294,0.32746878,0.3494408221864081,0.26545903,0.4402155539704892,0.3626015332005202
Boulaye Dia,Lazio,27.0,0.31735281176808294,0.37660173,0.3632960379788852,0.26659095,0.48992310364436675,0.3604260131246968
Junior Kadile,Almere City,21.0,0.2393397569122433,0.4127361,0.4041527023203005,0.28572482,0.3926697152012342,0.3603448737122883
Santiago Castro,Bologna,19.0,0.23515817244149645,0.4262987,0.36532824055309737,0.313136,0.4644320860756634,0.35922800610161976
Javi Puado,Espanyol,26.0,0.27475958002761525,0.3808019,0.4076649706553375,0.24449426,0.4111261394051586,0.3583971679362388
Marvin Pieringer,Heidenheim,24.0,0.22112551241575712,0.44469562,0.3676902509336618,0.29644245,0.4328125136268755,0.35701609238666043
Iliman Ndiaye,Everton,24.0,0.3756722153047553,0.3146787,0.4036280478074401,0.22635895,0.38363161204099694,0.3560729914510602
Joelinton,Newcastle Utd,27.0,0.2579392636710463,0.3953822,0.3797697610616685,0.25837037,0.4164930342913652,0.3508391591750493
Tomáš Suslov,Hellas Verona,22.0,0.17618293163299076,0.508222,0.27939121404376,0.37886834,0.5195344838184268,0.34991929123586696
Nikola Krstović,Lecce,24.0,0.2891772372439676,0.31683776,0.3951576238005762,0.25327665,0.43883231350983104,0.34456095231775197
Tiago Tomás,Wolfsburg,22.0,0.17851665387288473,0.40927312,0.36800277018567823,0.2680318,0.4440381800404637,0.3380295783641528
Tobias Lauritsen,Sparta R'dam,26.0,0.23043196622313183,0.40638366,0.3195138050376184,0.3005197,0.4719570087947414,0.3367598125956457
Fábio Silva,Las Palmas,22.0,0.2708235897676612,0.36342666,0.33847377179655497,0.27741158,0.4544933920518628,0.3366776995513496
Jonas Wind,Wolfsburg,25.0,0.34956410942555716,0.2946135,0.36268813037512215,0.22418033,0.4293937072329241,0.33586444916389285
Jorge de Frutos,Rayo Vallecano,27.0,0.24413316345561759,0.30392978,0.4348265857050132,0.2127744,0.3447753051937757,0.33275335290743485
Vinícius,Santa Clara,25.0,0.19978049736932602,0.39721248,0.3454328515053663,0.25765973,0.4534902731234567,0.3312757177722546
Kodai Sano,NEC Nijmegen,20.0,0.20461991968081716,0.4388084,0.28561052289770905,0.33276775,0.4609472238512515,0.32996126988992436
Dominic Solanke,Tottenham,26.0,0.25913653145982174,0.34039363,0.33550569438998196,0.26449335,0.4885423239177204,0.32965627562184047
Morgan Guilavogui,St. Pauli,26.0,0.13183953051969577,0.40557793,0.353784762380528,0.27330694,0.4674349079826111,0.3256612404124929
Suf Podgoreanu,Heracles Almelo,22.0,0.16610925598001103,0.3709444,0.3675162637336221,0.28792456,0.4094274446519226,0.3243238464010181
Giuseppe Pezzella,Empoli,26.0,0.1898586669368697,0.40091863,0.3187705599317859,0.30379277,0.4304380271613412,0.3231941688513836
Emanuel Emegha,Strasbourg,21.0,0.3853690551063968,0.2876971,0.2768798113925367,0.2508287,0.5151638263069691,0.3225052756071795
Valentino Lazaro,Torino,28.0,0.19269400470512577,0.4082847,0.31778882764328226,0.30661857,0.3951358363785882,0.32201150449874083
Pep Chavarría,Rayo Vallecano,26.0,0.21907139274320847,0.41236058,0.2836983896274839,0.31596288,0.4404422928980664,0.321839376986903
Oskar Zawada,RKC Waalwijk,28.0,0.2938603185304546,0.38375786,0.24644134882935695,0.2997859,0.49835160694798597,0.3207797533070271
Lucas Beltrán,Fiorentina,23.0,0.18353193452462785,0.382942,0.347038307458894,0.27904993,0.38919203397488694,0.3207294886088613
Miguel Reisinho,Boavista,25.0,0.1643845644704075,0.45798656,0.253215313502678,0.34010345,0.46348955835343425,0.3163582162952995
Lorenzo Colombo,Empoli,22.0,0.08072574798983462,0.43472514,0.32511918652639005,0.30801553,0.4399802794603664,0.31341772999860257
Jack Harrison,Everton,27.0,0.1260464581857943,0.4028488,0.32484253608899155,0.29572928,0.4384933707790297,0.3130386471599267
Kai Havertz,Arsenal,25.0,0.30526792765628674,0.2501733,0.33622559047819317,0.22822697,0.46471951397754435,0.310570517300789
Artem Dovbyk,Roma,27.0,0.21844258013523604,0.3339679,0.3004577441830097,0.26823053,0.5097011810014227,0.3101338713066407
Josué Casimir,Le Havre,22.0,0.11009632808742126,0.3460301,0.38022881313445045,0.2350179,0.3608275837665207,0.30119141935824856
Jørgen Strand Larsen,Wolves,24.0,0.30493095058321196,0.28260037,0.2882710859764418,0.2481253,0.4284457961236955,0.3001882738043882
Patrick Dorgu,Lecce,19.0,0.12477250618649371,0.33962032,0.3401990781365497,0.2648582,0.40935452427095764,0.2963505308790063
Issa Soumaré,Le Havre,23.0,0.1662970753816604,0.25611374,0.39053777712621407,0.2248801,0.38123678838816566,0.29458776141196236
Christantus Uche,Getafe,21.0,0.1013361326816486,0.32749704,0.37890575119454956,0.24152388,0.34924928330590566,0.2938358153974651
Sandro Ramírez,Las Palmas,29.0,0.19679301607981414,0.24324784,0.37523639601065273,0.20771162,0.3965531398213839,0.2919297775933116
Che Adams,Torino,28.0,0.11463690829330048,0.33063415,0.32361806132667326,0.2596856,0.4633910964035836,0.29115991044451883
Patrick Cutrone,Como,26.0,0.16470360637649972,0.2791321,0.34838068558954094,0.23654978,0.3988406532727372,0.2881960297711265
Yassine Kechta,Le Havre,22.0,0.13348797995529837,0.3677111,0.2702781564061787,0.2900573,0.45271055247547515,0.28749951075593627
Zakaria Aboukhlal,Toulouse,24.0,0.21598007870156644,0.25384882,0.3140473620394859,0.23584677,0.4589615692551378,0.28605563151730334
Gorka Guruzeta,Athletic Club,27.0,0.16409142757513512,0.37886497,0.24362742868248236,0.297584,0.42315884533735787,0.2848784128859362
Thom van Bergen,Groningen,20.0,0.09213650934730716,0.33193186,0.3265506775370794,0.24237865,0.41240301759008946,0.28118117116226593
Andrea Pinamonti,Genoa,25.0,0.1197841520579715,0.33736572,0.2894174771954217,0.25958574,0.4427791910611821,0.27983086915573424
Jofre,Espanyol,23.0,0.10609124176482232,0.28140035,0.3587172124708654,0.2350871,0.3685608763407786,0.27748415931765696
Lorenzo Lucca,Udinese,23.0,0.18202643197467888,0.3302348,0.25712726111559425,0.2703968,0.41196826587353447,0.2771950339549139
Mikel Oyarzabal,Real Sociedad,27.0,0.09834549871484077,0.32355013,0.30241735706144196,0.26129425,0.43158295710453903,0.27569042872122573
Thomas Robinet,Almere City,27.0,0.08554111925412539,0.3452281,0.2668769624925137,0.27737847,0.39572745067835935,0.2641327788349356
Vito van Crooy,NEC Nijmegen,28.0,0.3116627000423102,0.15289354,0.30598780864249325,0.19556679,0.3659480585761532,0.26380314353337936
Kornelius Hansen,Almere City,23.0,0.03991010412041779,0.32211706,0.3036988158115325,0.26484,0.4151604112710243,0.2628059140188356
Nicolás Domínguez,Nott'ham Forest,26.0,0.12992361363362914,0.36534962,0.20009876030378065,0.28937167,0.449592751000661,0.2612531356349994
Elías Már Ómarsson,NAC Breda,29.0,0.1235035435996254,0.29346064,0.2648842792214587,0.25214717,0.4510744057078809,0.26109752314308254
Dany Mota,Monza,26.0,0.012972699730713966,0.3077996,0.3323497357094367,0.24071935,0.41087062925434376,0.2610258478129933
Sami Ouaissa,NEC Nijmegen,19.0,0.16985121995998903,0.20258883,0.3204601289711983,0.20423079,0.4181945936034844,0.25902103400626275
Roberto Piccoli,Cagliari,23.0,0.12191987447405489,0.24245283,0.29131111984858826,0.23128264,0.4520482787417093,0.2552891658873669
Jens Odgaard,Bologna,25.0,0.0975222133328899,0.22363487,0.3163187260434968,0.2163139,0.4016301980257749,0.24791912365577903
Cisse Sandra,Willem II,20.0,0.06928373577931407,0.28651145,0.26827301538963866,0.25074345,0.39533199985952566,0.24398771127068825
Róbert Boženík,Boavista,24.0,0.08752719012381965,0.29783592,0.24933006442814395,0.25380266,0.3932703241686681,0.24393723889199287
Dylan Vente,Zwolle,25.0,0.15153854619715434,0.2161502,0.26269297227890587,0.21959887,0.4364478407622276,0.24189247003240005
Alfonso Trezza,Arouca,25.0,0.11070479270947886,0.16837594,0.34178370056586327,0.19963144,0.3658994314492959,0.2404123250609706
Jochem van de Kamp,Almere City,20.0,0.10978392182435648,0.34515807,0.18248311776200213,0.27902326,0.3947234456967852,0.23949006334800024
Johannes Eggestein,St. Pauli,26.0,0.04570302607788568,0.27634308,0.28711418011238093,0.241831,0.352369017944695,0.23813633949410787
Jérémy Livolant,Casa Pia,26.0,0.19011895163616588,0.098654866,0.3535016785732082,0.17640658,0.33592907953927614,0.23764666005937535
Hugo Duro,Valencia,24.0,0.17453082511794643,0.22255096,0.23260406663285427,0.22216399,0.40751844876877075,0.23492357295229963
Morten Thorsby,Genoa,28.0,0.07163346349111971,0.31561616,0.21584738330992367,0.2642534,0.39345611005887443,0.23454826916458377
Oliver McBurnie,Las Palmas,28.0,0.12859207319362365,0.23072466,0.27133036259050086,0.22631478,0.32680500489776987,0.23367718709798124
Isaac Romero,Sevilla,24.0,0.03394218506887875,0.24177608,0.2771205919781794,0.23024747,0.39006783707599135,0.2262561947967533
Jorg Schreuders,Groningen,19.0,0.1324830159787162,0.12828693,0.3091906558221137,0.18457082,0.4092572865480857,0.22616787640444205
Santiago Pierotti,Lecce,23.0,0.017649206560258535,0.24614057,0.28754770236882454,0.22080563,0.372783645155052,0.22506560702754852
Ezequiel Bullaude,Fortuna Sittard,23.0,0.059286854927569466,0.23510632,0.2414074900101593,0.22760873,0.3921428980263301,0.21710173574941577
Jon Guridi,Alavés,29.0,0.08385005933014877,0.16238305,0.27285440987401854,0.19806671,0.36696393695356705,0.20936788333655068
Kiko Bondoso,Rio Ave,28.0,0.0,0.21621063,0.26440032401570834,0.21997389,0.3816468878951717,0.20675485088902965
Kikas,Estrela,25.0,0.053683480806862305,0.18236056,0.23294460334257183,0.20744805,0.39440604596017775,0.19804285800833266
Rúnar Þór Sigurgeirsson,Willem II,24.0,0.056309484263730614,0.19400963,0.21671779858914753,0.20656615,0.3592510193513894,0.19219725175781274
Amin Sarr,Hellas Verona,23.0,0.02307120405679841,0.08684561,0.261315453019698,0.17557076,0.3602533244900252,0.1713684587057939
Kyan Vaesen,Willem II,23.0,0.0320922149229681,0.15668961,0.18620346222427978,0.19033468,0.3532936342627145,0.165124889100842
Rasmus Højlund,Manchester Utd,21.0,0.008478856891528719,0.102662235,0.20948694505307974,0.17915867,0.3784667580587687,0.15644430409640675
Cyriel Dessers,Rangers,29.0,0.2942884555240264,0.106959194,0.04080860394491571,0.02902375,0.05649115950488017,0.10843199199076209
Hamza Igamane,Rangers,21.0,0.2163097670575379,0.09109774,0.042076853307419615,0.041956767,0.0747535012248068,0.09243431442221386
Nicolas-Gerrit Kühn,Celtic,24.0,0.2940672705757259,0.025657296,0.0595296076652566,0.0057216976,0.0,0.08663531062482879
Ronan Hale,Ross County,25.0,0.17263883695971405,0.08379468,0.03265932033488895,0.03497181,0.08500162239594038,0.07890454378067926
Václav Černý,Rangers,26.0,0.1939717643243794,0.055788815,0.05047253127378509,0.029787946,0.054228814497677545,0.07880861875822276
Daizen Maeda,Celtic,26.0,0.25755857054974063,0.0077988207,0.04962168637940898,0.00024679277,0.008724706721419673,0.07172615947536505
Kevin Nisbet,Aberdeen,27.0,0.20579955333981398,0.013261884,0.052841482159848956,0.012440216,0.02329629220967952,0.06654355133722922
Sam Dalby,Dundee United,24.0,0.16646551484372224,0.041228354,0.03744597553670786,0.022158148,0.058519969046611144,0.06477409458227278
Lawrence Shankland,Hearts,28.0,0.16071226746534562,0.028201342,0.0510320488767326,0.022592273,0.026992278799973304,0.062012461101561035
Makenzie Kirk,St Johnstone,20.0,0.1424179583493358,0.04098943,0.031764879934975634,0.0214834,0.06498448165961695,0.058495445226082715
Toyosi Olusanya,St Mirren,26.0,0.13128722127875397,0.030634403,0.03259874444956816,0.021675168,0.05783125541073666,0.053276248015023606
Adama Sidibeh,St Johnstone,26.0,0.09499996659744714,0.05855319,0.015009063932189884,0.02573799,0.08365479040784256,0.04983074110543413
Noah Chilvers,Ross County,23.0,0.10397089482699667,0.017051637,0.028094653162646976,0.015669124,0.0502901844198995,0.04148614770430142
Scott Tiffoney,Dundee,25.0,0.10799209251206032,0.010452837,0.013340222291993284,0.009395337,0.06425882300725944,0.03624612148983002
Fraser Murray,Kilmarnock,25.0,0.08333025632407326,0.021819085,0.014580643113130124,0.01577344,0.06870341872728201,0.035671733472376344
Glenn Middleton,Dundee United,24.0,0.08438449834968753,0.02040115,0.014351166939477002,0.014059276,0.06441468901681632,0.03484749219933291
Tom Sparrow,Motherwell,21.0,0.12011495202934225,0.0,0.0075186992884301454,0.0,0.061416608155552214,0.03279619597237422
Luca Stephenson,Dundee United,20.0,0.06952548433543337,0.0076875687,0.0,0.00612931,0.07297996095589715,0.023737916163807465
